{"cameraMode":{"drawMode":0,"name":"Shaded","section":"Shading Mode"},"sceneLighting":false,"audioPlay":false,"sceneViewState":{"showFog":true,"showMaterialUpdate":false,"showSkybox":false,"showFlares":true,"showImageEffects":true,"showParticleSystems":true},"in2DMode":false,"pivot":{"x":0.10196487605571747,"y":4.924424171447754,"z":0.22589272260665894},"rotation":{"x":0.5756967067718506,"y":0.009319360367953778,"z":-0.006560818292200565,"w":0.8175859451293945},"size":0.5012484192848206,"orthographic":false}